{"name":"Song2","bpm":73,"channelLength":10,"data":[0.0,0.0,233.08175659179688,246.94154357910157,0.0,0.0,0.0,0.0,0.0,0.0,246.94154357910157,261.6254577636719,0.0,0.0,246.94154357910157,0.0,261.6254577636719,0.0,0.0,0.0,0.0,0.0,0.0,0.0,246.94154357910157,0.0,0.0,0.0,0.0,0.0]}