{"name":"Level1","bpm":60,"channelLength":10,"data":[261.6254577636719,293.6646728515625,329.6274719238281,349.2281799316406,391.9953918457031,440.0,493.88336181640627,0.0,0.0,0.0,293.6646728515625,0.0,0.0,0.0,293.6646728515625,0.0,0.0,415.3046569824219,0.0,0.0,0.0,0.0,130.8126678466797,0.0,622.2540893554688,0.0,0.0,277.1825256347656,440.0,329.6274719238281]}