{"name":"Music_MainMenu","bpm":60,"channelLength":10,"data":[233.08175659179688,246.94154357910157,233.08175659179688,261.6254577636719,261.6254577636719,0.0,0.0,0.0,0.0,0.0,0.0,277.1825256347656,329.6274719238281,440.0,659.2553100585938,0.0,0.0,0.0,0.0,0.0,0.0,0.0,0.0,0.0,0.0,0.0,0.0,0.0,0.0,0.0]}