{"name":"Sound_MeeleAttack","bpm":10,"channelLength":10,"data":[293.6646728515625,311.12689208984377,293.6646728515625,0.0,0.0,0.0,0.0,0.0,0.0,0.0,0.0,0.0,311.12689208984377,0.0,0.0,0.0,0.0,0.0,0.0,0.0,0.0,0.0,0.0,0.0,0.0,0.0,0.0,0.0,0.0,0.0]}