{"name":"Level3","bpm":150,"channelLength":88,"data":[0.0,0.0,0.0,0.0,0.0,0.0,0.0,0.0,0.0,0.0,0.0,0.0,0.0,0.0,0.0,0.0,0.0,0.0,0.0,0.0,0.0,0.0,0.0,0.0,523.251220703125,622.2540893554688,587.3296508789063,523.251220703125,622.2540893554688,587.3296508789063,523.251220703125,466.1637878417969,523.251220703125,587.3296508789063,622.2540893554688,391.9953918457031,391.9953918457031,391.9953918457031,0.0,0.0,369.994384765625,311.12689208984377,293.6646728515625,261.6254577636719,233.08175659179688,293.6646728515625,349.2281799316406,349.2281799316406,261.6254577636719,293.6646728515625,311.12689208984377,261.6254577636719,293.6646728515625,233.08175659179688,261.6254577636719,261.6254577636719,523.251220703125,622.2540893554688,587.3296508789063,523.251220703125,622.2540893554688,587.3296508789063,523.251220703125,466.1637878417969,523.251220703125,587.3296508789063,622.2540893554688,391.9953918457031,391.9953918457031,391.9953918457031,0.0,0.0,369.994384765625,391.9953918457031,391.9953918457031,369.994384765625,293.6646728515625,311.12689208984377,311.12689208984377,246.94154357910157,261.6254577636719,261.6254577636719,0.0,0.0,0.0,0.0,0.0,0.0,130.8126678466797,155.5633544921875,195.9976043701172,184.99708557128907,195.9976043701172,155.5633544921875,146.83224487304688,130.8126678466797,130.8126678466797,146.83224487304688,155.5633544921875,123.470703125,195.9976043701172,155.5633544921875,146.83224487304688,97.99874114990235,116.54081726074219,146.83224487304688,184.99708557128907,146.83224487304688,130.8126678466797,116.54081726074219,130.8126678466797,130.8126678466797,130.8126678466797,155.5633544921875,195.9976043701172,184.99708557128907,195.9976043701172,155.5633544921875,146.83224487304688,130.8126678466797,130.8126678466797,146.83224487304688,155.5633544921875,123.470703125,195.9976043701172,155.5633544921875,146.83224487304688,97.99874114990235,130.8126678466797,155.5633544921875,195.9976043701172,184.99708557128907,195.9976043701172,155.5633544921875,146.83224487304688,130.8126678466797,116.54081726074219,146.83224487304688,184.99708557128907,146.83224487304688,130.8126678466797,116.54081726074219,130.8126678466797,130.8126678466797,130.8126678466797,155.5633544921875,195.9976043701172,184.99708557128907,195.9976043701172,155.5633544921875,146.83224487304688,130.8126678466797,130.8126678466797,146.83224487304688,155.5633544921875,123.470703125,195.9976043701172,155.5633544921875,146.83224487304688,97.99874114990235,116.54081726074219,146.83224487304688,184.99708557128907,146.83224487304688,130.8126678466797,116.54081726074219,130.8126678466797,130.8126678466797,116.54081726074219,146.83224487304688,184.99708557128907,146.83224487304688,130.8126678466797,116.54081726074219,130.8126678466797,130.8126678466797,0.0,0.0,0.0,0.0,0.0,0.0,0.0,0.0,0.0,0.0,0.0,0.0,0.0,0.0,0.0,0.0,0.0,0.0,0.0,0.0,0.0,0.0,0.0,0.0,0.0,0.0,0.0,0.0,0.0,0.0,0.0,0.0,0.0,0.0,0.0,0.0,0.0,0.0,0.0,0.0,0.0,0.0,0.0,0.0,0.0,0.0,0.0,0.0,0.0,0.0,0.0,0.0,0.0,0.0,0.0,0.0,0.0,0.0,0.0,0.0,0.0,0.0,0.0,0.0,0.0,0.0,0.0,0.0,0.0,0.0,0.0,0.0,0.0,0.0,0.0,0.0,0.0,0.0,0.0,0.0,0.0,0.0,0.0,0.0,0.0,0.0,0.0,0.0]}