{"name":"MainMenu","bpm":300,"channelLength":96,"data":[293.6646728515625,293.6646728515625,329.6274719238281,329.6274719238281,391.9953918457031,391.9953918457031,440.0,440.0,440.0,440.0,391.9953918457031,391.9953918457031,493.88336181640627,493.88336181640627,493.88336181640627,493.88336181640627,391.9953918457031,391.9953918457031,440.0,440.0,391.9953918457031,391.9953918457031,329.6274719238281,293.6646728515625,293.6646728515625,293.6646728515625,293.6646728515625,293.6646728515625,0.0,0.0,0.0,0.0,293.6646728515625,293.6646728515625,369.994384765625,369.994384765625,0.0,0.0,293.6646728515625,293.6646728515625,391.9953918457031,391.9953918457031,0.0,0.0,293.6646728515625,293.6646728515625,440.0,440.0,493.88336181640627,493.88336181640627,523.251220703125,523.251220703125,523.251220703125,523.251220703125,493.88336181640627,493.88336181640627,493.88336181640627,493.88336181640627,493.88336181640627,493.88336181640627,440.0,440.0,440.0,440.0,293.6646728515625,293.6646728515625,391.9953918457031,391.9953918457031,440.0,440.0,493.88336181640627,493.88336181640627,523.251220703125,523.251220703125,587.3296508789063,587.3296508789063,587.3296508789063,587.3296508789063,391.9953918457031,391.9953918457031,659.2553100585938,659.2553100585938,587.3296508789063,587.3296508789063,523.251220703125,523.251220703125,493.88336181640627,493.88336181640627,440.0,440.0,440.0,440.0,293.6646728515625,293.6646728515625,391.9953918457031,391.9953918457031,146.83224487304688,0.0,164.8136444091797,0.0,195.9976043701172,0.0,164.8136444091797,0.0,146.83224487304688,0.0,164.8136444091797,0.0,146.83224487304688,0.0,246.94154357910157,195.9976043701172,146.83224487304688,0.0,164.8136444091797,0.0,195.9976043701172,0.0,164.8136444091797,0.0,146.83224487304688,0.0,164.8136444091797,0.0,146.83224487304688,0.0,246.94154357910157,195.9976043701172,146.83224487304688,0.0,164.8136444091797,0.0,195.9976043701172,0.0,164.8136444091797,0.0,146.83224487304688,0.0,164.8136444091797,0.0,146.83224487304688,0.0,246.94154357910157,195.9976043701172,146.83224487304688,146.83224487304688,0.0,0.0,0.0,0.0,146.83224487304688,0.0,195.9976043701172,195.9976043701172,195.9976043701172,195.9976043701172,184.99708557128907,184.99708557128907,184.99708557128907,184.99708557128907,146.83224487304688,146.83224487304688,0.0,0.0,0.0,0.0,146.83224487304688,0.0,195.9976043701172,195.9976043701172,195.9976043701172,195.9976043701172,184.99708557128907,184.99708557128907,184.99708557128907,184.99708557128907,164.8136444091797,164.8136444091797,164.8136444091797,164.8136444091797,184.99708557128907,184.99708557128907,195.9976043701172,195.9976043701172,195.9976043701172,195.9976043701172,219.9998779296875,219.9998779296875,219.9998779296875,219.9998779296875,195.9976043701172,195.9976043701172,0.0,0.0,0.0,0.0,0.0,0.0,0.0,0.0,0.0,0.0,0.0,0.0,0.0,0.0,0.0,0.0,0.0,0.0,0.0,0.0,0.0,0.0,0.0,0.0,0.0,0.0,0.0,0.0,0.0,0.0,0.0,0.0,0.0,0.0,0.0,0.0,0.0,0.0,0.0,0.0,0.0,0.0,0.0,0.0,0.0,0.0,0.0,0.0,0.0,0.0,0.0,0.0,0.0,0.0,0.0,0.0,0.0,0.0,0.0,0.0,0.0,0.0,0.0,0.0,0.0,0.0,0.0,0.0,0.0,0.0,0.0,0.0,0.0,0.0,0.0,0.0,0.0,0.0,0.0,0.0,0.0,0.0,0.0,0.0,0.0,0.0,0.0,0.0,0.0,0.0,0.0,0.0,0.0,0.0,0.0,0.0]}