{"name":"Death_2","bpm":60,"channelLength":8,"data":[587.3296508789063,0.0,587.3296508789063,0.0,587.3296508789063,587.3296508789063,587.3296508789063,587.3296508789063]}